,Game Title,Game Category,Game Score,Number of Reviews,Price,Number of Installs,Developer,Play Store URL
0,Grand Theft Auto: San Andreas,GAME_ACTION,4.3,386098,$6.99,1000000,Rockstar Games,https://play.google.com/store/apps/details?id=com.rockstargames.gtasa
1,Five Nights at Freddy's,GAME_ACTION,4.6,103710,$2.99,1000000,Scott Cawthon,https://play.google.com/store/apps/details?id=com.scottgames.fivenightsatfreddys
2,Hitman Sniper,GAME_ACTION,4.6,588965,$0.99,10000000,SQUARE ENIX Ltd,https://play.google.com/store/apps/details?id=com.squareenixmontreal.hitmansniperandroid
3,Five Nights at Freddy's: SL,GAME_ACTION,4.5,17278,$2.99,100000,Scott Cawthon,https://play.google.com/store/apps/details?id=com.scottgames.sisterlocation
4,Assassin's Creed Identity,GAME_ACTION,3.8,49799,$1.99,500000,Ubisoft Entertainment,https://play.google.com/store/apps/details?id=com.ubisoft.assassinscreed.identity
5,Call of Duty:Black Ops Zombies,GAME_ACTION,4.2,13962,$6.99,100000,"Activision Publishing, Inc.",https://play.google.com/store/apps/details?id=com.activision.boz
6,Five Nights at Freddy's 4,GAME_ACTION,4.6,21557,$2.99,100000,Scott Cawthon,https://play.google.com/store/apps/details?id=com.scottgames.fnaf4
7,Grand Theft Auto III,GAME_ACTION,4.0,96564,$4.99,1000000,Rockstar Games,https://play.google.com/store/apps/details?id=com.rockstar.gta3
8,Downwell,GAME_ACTION,4.7,4535,$2.99,100000,DevolverDigital,https://play.google.com/store/apps/details?id=com.devolver.downwell
9,truTV Impractical Jokers Wheel of Doom,GAME_ACTION,4.2,133,$2.99,5000,truTVnetwork,https://play.google.com/store/apps/details?id=com.turner.trutv.wheelofdoom
10,Five Nights at Freddy's 3,GAME_ACTION,4.7,28201,$2.99,100000,Scott Cawthon,https://play.google.com/store/apps/details?id=com.scottgames.fnaf3
11,Teen Titans GO Figure!,GAME_ACTION,4.5,4508,$3.99,50000,Cartoon Network,https://play.google.com/store/apps/details?id=com.turner.ttgfigures2
12,Bully: Anniversary Edition,GAME_ACTION,4.5,13387,$6.99,100000,Rockstar Games,https://play.google.com/store/apps/details?id=com.rockstargames.bully
13,Real Steel,GAME_ACTION,4.1,26144,$0.99,500000,Reliance Big Entertainment (UK) Private Limited,https://play.google.com/store/apps/details?id=com.jumpgames.RealSteel
14,Slaughter 2: Prison Assault,GAME_ACTION,4.1,1630,$0.99,50000,Ray Spark,https://play.google.com/store/apps/details?id=com.venomizedArt.Slaughter2
15,LEGOÂ® Star Warsâ„¢:  TCS,GAME_ACTION,3.7,16775,$6.99,100000,Warner Bros. International Enterprises,https://play.google.com/store/apps/details?id=com.wb.lego.tcs
16,GTA: Chinatown Wars,GAME_ACTION,4.3,25375,$4.99,100000,Rockstar Games,https://play.google.com/store/apps/details?id=com.rockstargames.gtactw
17,Shadow of Death: Stickman Fighting - Dark Knight,GAME_ACTION,4.6,58268,$0.99,1000000,Zonmob Game Studio,https://play.google.com/store/apps/details?id=com.Zonmob.Stickman.FightingGames.ShadowOfDeath
18,Bloons Supermonkey 2,GAME_ACTION,4.6,15549,$0.99,500000,ninja kiwi,https://play.google.com/store/apps/details?id=com.ninjakiwi.supermonkey
19,The Sun: Origin,GAME_ACTION,4.0,10308,$0.99,100000,AGaming+,https://play.google.com/store/apps/details?id=com.agaming.thesun.origin
20,LEGO Â® Marvel Super Heroes,GAME_ACTION,4.1,16423,$4.99,100000,Warner Bros. International Enterprises,https://play.google.com/store/apps/details?id=com.wb.lego.marvel
21,Stickman Ghost 2: Gun Sword - Shadow Action RPG,GAME_ACTION,4.5,1711,$0.99,100000,Unimob,https://play.google.com/store/apps/details?id=com.unimob.stickman.ghost2.pay
22,Zombieville USA 2,GAME_ACTION,4.6,1391,$0.99,50000,Mika Mobile,https://play.google.com/store/apps/details?id=com.MikaMobile.Zombieville2
23,PPSSPP Gold - PSP emulator,GAME_ACTION,4.3,11127,$4.99,100000,Henrik RydgÃ¥rd,https://play.google.com/store/apps/details?id=org.ppsspp.ppssppgold
24,Oddworld: Stranger's Wrath,GAME_ACTION,4.5,28535,$2.99,100000,Oddworld Inhabitants Inc,https://play.google.com/store/apps/details?id=com.oddworld.Stranger
25,Terraria.,GAME_ADVENTURE,4.3,230946,$4.99,1000000,505 Games Srl,https://play.google.com/store/apps/details?id=com.and.games505.TerrariaPaid
26,THE GALAXY: SURVIVOR,GAME_ADVENTURE,4.3,3060,$1.49,10000,Invictus Studio,https://play.google.com/store/apps/details?id=com.ProjectTheGalaxy
27,Bendy and the Ink Machine,GAME_ADVENTURE,4.2,1000,$6.99,5000,Joey Drew Studios,https://play.google.com/store/apps/details?id=com.jds.batim
28,60 Seconds! Atomic Adventure,GAME_ADVENTURE,3.9,5659,$3.99,100000,Robot Gentleman,https://play.google.com/store/apps/details?id=com.robotgentleman.game60seconds
29,Don't Starve: Pocket Edition,GAME_ADVENTURE,4.4,22180,$4.99,500000,Klei Entertainment Inc.,https://play.google.com/store/apps/details?id=com.kleientertainment.doNotStarvePocket
30,7Days - Decide your story,GAME_ADVENTURE,4.8,917,$0.99,10000,"Buff Studio Co.,Ltd.",https://play.google.com/store/apps/details?id=com.buffstudio.sevendays
31,Angry Neighbor,GAME_ADVENTURE,4.4,2837,$0.99,50000,Invictus Studio,https://play.google.com/store/apps/details?id=com.AngryNeighbor
32,LEGOÂ® Jurassic Worldâ„¢,GAME_ADVENTURE,4.4,13624,$4.99,100000,Warner Bros. International Enterprises,https://play.google.com/store/apps/details?id=com.wb.goog.legojurassicworld
33,Octodad: Dadliest Catch,GAME_ADVENTURE,4.4,4410,$4.99,100000,Young Horses,https://play.google.com/store/apps/details?id=com.younghorses.octodad
34,Portal Knights,GAME_ADVENTURE,4.3,5493,$4.99,50000,505 Games Srl,https://play.google.com/store/apps/details?id=com.and.games505.portal_knights
35,Legend of the Skyfish,GAME_ADVENTURE,4.2,1158,$3.99,50000,Crescent Moon Games,https://play.google.com/store/apps/details?id=com.crescentmoongames.skyfish
36,Crashlands,GAME_ADVENTURE,4.8,13196,$6.99,100000,Butterscotch Shenanigans,https://play.google.com/store/apps/details?id=com.bscotch.crashlands
37,Castle of Illusion,GAME_ADVENTURE,4.2,36558,$4.99,500000,Disney,https://play.google.com/store/apps/details?id=com.disney.castleofillusion_goo
38,Survivalcraft 2,GAME_ADVENTURE,4.5,5399,$3.99,100000,Candy Rufus Games,https://play.google.com/store/apps/details?id=com.candyrufusgames.survivalcraft2
39,Rusty Lake Hotel,GAME_ADVENTURE,4.8,8962,$1.99,100000,Rusty Lake,https://play.google.com/store/apps/details?id=air.com.RustyLake.RustyLakeHotel
40,GTA: Liberty City Stories,GAME_ADVENTURE,4.4,10100,$6.99,50000,Rockstar Games,https://play.google.com/store/apps/details?id=com.rockstargames.gtalcs
41,Draw a Stickman: EPIC 2,GAME_ADVENTURE,4.4,5431,$1.99,100000,Hitcents,https://play.google.com/store/apps/details?id=com.hitcents.drawastickmanepic2
42,Rusty Lake: Roots,GAME_ADVENTURE,4.9,8144,$2.99,100000,Rusty Lake,https://play.google.com/store/apps/details?id=air.com.RustyLake.RustyLakeRoots
43,Relic Seeker: Hypogeum,GAME_ADVENTURE,4.3,221,$2.99,5000,Massive Wheel,https://play.google.com/store/apps/details?id=com.massivewheel.RS_Hypogeum_A
44,Sonic Runners Adventure - Fast Action Platformer,GAME_ADVENTURE,4.6,4483,$2.99,50000,Gameloft,https://play.google.com/store/apps/details?id=com.gameloft.android.ANMP.GloftICHM
45,Rusty Lake Paradise,GAME_ADVENTURE,4.8,4077,$2.99,50000,Rusty Lake,https://play.google.com/store/apps/details?id=air.com.RustyLake.RustyLakeParadise
46,FINAL FANTASY IX for Android,GAME_ADVENTURE,4.4,7392,$20.99,100000,"SQUARE ENIX Co.,Ltd.",https://play.google.com/store/apps/details?id=com.square_enix.FFIXww.android_googleplay
47,LEGO Harry Potter: Years 1-4,GAME_ADVENTURE,4.1,4903,$4.99,100000,Warner Bros. International Enterprises,https://play.google.com/store/apps/details?id=com.wb.goog.legohp1
48,"Bury me, my Love",GAME_ADVENTURE,4.4,737,$2.99,10000,Playdius,https://play.google.com/store/apps/details?id=com.plug_in_digital.emma
49,Infamous Machine,GAME_ADVENTURE,4.7,1096,$2.99,10000,Blyts,https://play.google.com/store/apps/details?id=com.blyts.infamousmachine
50,Minecraft,GAME_ARCADE,4.5,2587530,$6.99,10000000,Mojang,https://play.google.com/store/apps/details?id=com.mojang.minecraftpe
51,Geometry Dash,GAME_ARCADE,4.8,650641,$1.99,1000000,RobTop Games,https://play.google.com/store/apps/details?id=com.robtopx.geometryjump
52,Grand Theft Auto: Vice City,GAME_ARCADE,4.3,131836,$4.99,1000000,Rockstar Games,https://play.google.com/store/apps/details?id=com.rockstargames.gtavc
53,ePSXe for Android,GAME_ARCADE,4.5,34982,$3.75,500000,epsxe software s.l.,https://play.google.com/store/apps/details?id=com.epsxe.ePSXe
54,Fruit Ninja Classic,GAME_ARCADE,4.3,85877,$0.99,1000000,Halfbrick Studios,https://play.google.com/store/apps/details?id=com.halfbrick.fruitninja
55,My OldBoy! - GBC Emulator,GAME_ARCADE,4.6,5098,$3.99,100000,Fast Emulator,https://play.google.com/store/apps/details?id=com.fastemulator.gbc
56,Crowded City,GAME_ARCADE,1.2,23,$0.99,500,AppSwan,https://play.google.com/store/apps/details?id=com.chung.crowdedcity
57,Max Payne Mobile,GAME_ARCADE,4.2,30985,$2.99,100000,Rockstar Games,https://play.google.com/store/apps/details?id=com.rockstar.maxpayne
58,SuperRetro16 ( SNES Emulator ),GAME_ARCADE,4.3,38526,$3.99,1000000,Neutron Emulation,https://play.google.com/store/apps/details?id=com.bubblezapgames.supergnes
59,Pocket Godâ„¢,GAME_ARCADE,3.7,30425,$0.99,500000,"Bolt Creative, Inc",https://play.google.com/store/apps/details?id=com.ngmoco.pocketgod
60,Retro N64 Pro - N64 Emulator,GAME_ARCADE,4.5,152,$2.99,1000,Retro Game Emulators,https://play.google.com/store/apps/details?id=org.mupen64plusae.retron64.pro
61,Ding Dong XL,GAME_ARCADE,4.6,57,$0.99,5000,Nickervision Studios,https://play.google.com/store/apps/details?id=com.NVS.dingdongxl
62,Vector Full,GAME_ARCADE,4.2,35899,$0.99,500000,NEKKI,https://play.google.com/store/apps/details?id=com.nekki.vector.paid
63,Retro NES Pro - NES Emulator,GAME_ARCADE,4.7,168,$1.99,1000,Retro Game Emulators,https://play.google.com/store/apps/details?id=com.retrones.pro
64,holedown,GAME_ARCADE,4.5,383,$3.99,10000,grapefrukt games,https://play.google.com/store/apps/details?id=com.grapefrukt.games.bore
65,Marvel Pinball,GAME_ARCADE,3.9,8491,$0.99,100000,Zen Studios,https://play.google.com/store/apps/details?id=com.zenstudios.MarvelPinball
66,PAC-MAN Championship Edition DX,GAME_ARCADE,4.5,1879,$1.99,10000,BANDAI NAMCO Entertainment America Inc.,https://play.google.com/store/apps/details?id=com.bandainamcoent.pacmancedx
67,The Impossible Game,GAME_ARCADE,4.1,19823,$0.99,500000,FlukeDude,https://play.google.com/store/apps/details?id=com.flukedude.impossiblegame
68,Backflip Madness,GAME_ARCADE,4.3,26425,$0.99,500000,Gamesoul Studio,https://play.google.com/store/apps/details?id=com.gamesoulstudio.backflipmadness
69,Ms. PAC-MAN,GAME_ARCADE,4.3,5519,$3.99,100000,BANDAI NAMCO Entertainment America Inc.,https://play.google.com/store/apps/details?id=com.NamcoNetworks.MsPacMan
70,Ridiculous Fishing,GAME_ARCADE,4.5,13831,$2.49,100000,Vlambeer,https://play.google.com/store/apps/details?id=com.vlambeer.RidiculousFishing
71,METAL SLUG 3,GAME_ARCADE,3.7,14160,$2.99,100000,SNK CORPORATION,https://play.google.com/store/apps/details?id=com.dotemu.neogeo.mslug3
72,Sonic 4â„¢ Episode I,GAME_ARCADE,3.7,8205,$2.99,100000,SEGA,https://play.google.com/store/apps/details?id=com.sega.sonic4epi
73,Galaxy Stack,GAME_ARCADE,4.5,6,$1.99,50,Crescent Moon Games,https://play.google.com/store/apps/details?id=com.crescentmoongames.galaxystack
74,Worms 3,GAME_ARCADE,4.2,67877,$4.99,1000000,Team 17 Digital Limited,https://play.google.com/store/apps/details?id=com.worms3.app
75,The Game of Life,GAME_BOARD,4.4,23303,$2.99,500000,Marmalade Game Studio,https://play.google.com/store/apps/details?id=com.marmalade.golmobile
76,Clue,GAME_BOARD,4.6,23834,$1.99,100000,Marmalade Game Studio,https://play.google.com/store/apps/details?id=com.marmalade.cluedogame
77,Ticket to Ride,GAME_BOARD,4.2,12708,$4.99,100000,Asmodee Digital,https://play.google.com/store/apps/details?id=com.daysofwonder.tt.android
78,Catan Classic,GAME_BOARD,3.9,25425,$4.99,500000,USM,https://play.google.com/store/apps/details?id=com.exozet.android.catan
79,Carcassonne: Official Board Game -Tiles & Tactics,GAME_BOARD,4.4,4323,$4.99,50000,Asmodee Digital,https://play.google.com/store/apps/details?id=com.asmodeedigital.carcassonne
80,Pandemic: The Board Game,GAME_BOARD,4.7,4013,$4.99,100000,Asmodee Digital,https://play.google.com/store/apps/details?id=com.f2zentertainment.pandemic
81,Chess,GAME_BOARD,4.6,5402,$1.99,100000,AI Factory Limited,https://play.google.com/store/apps/details?id=uk.co.aifactory.chess
82,Splendor,GAME_BOARD,4.1,3159,$4.99,100000,Asmodee Digital,https://play.google.com/store/apps/details?id=com.daysofwonder.Splendor.gp
83,Hasbro's BATTLESHIP,GAME_BOARD,4.2,1306,$2.99,50000,Marmalade Game Studio,https://play.google.com/store/apps/details?id=com.marmalade.battleship
84,D&D Lords of Waterdeep,GAME_BOARD,3.6,632,$6.99,10000,"Playdek, Inc.",https://play.google.com/store/apps/details?id=com.playdekgames.waterdeep
85,Small World 2,GAME_BOARD,4.4,5638,$4.99,50000,Asmodee Digital,https://play.google.com/store/apps/details?id=com.daysofwonder.smallworld2
86,Through the Ages,GAME_BOARD,4.9,5926,$9.99,10000,CGE digital,https://play.google.com/store/apps/details?id=com.czechgames.tta
87,Race for the Galaxy,GAME_BOARD,4.5,494,$6.99,10000,Temple Gates Games LLC,https://play.google.com/store/apps/details?id=com.templegatesgames.RaceAndroid
88,Elder Sign: Omens,GAME_BOARD,4.5,9703,$3.99,100000,Fantasy Flight Games,https://play.google.com/store/apps/details?id=com.fantasyflightgames.ESAndroid
89,Smash Up - The Shufflebuilding Game,GAME_BOARD,3.5,451,$3.49,10000,Asmodee Digital,https://play.google.com/store/apps/details?id=com.asmodeedigital.smashup
90,Galaxy Trucker,GAME_BOARD,4.8,7685,$4.99,50000,CGE digital,https://play.google.com/store/apps/details?id=com.czechgames.galaxytrucker
91,Backgammon,GAME_BOARD,4.1,1891,$1.99,50000,AI Factory Limited,https://play.google.com/store/apps/details?id=uk.co.aifactory.backgammon
92,Mysterium: A Psychic Clue Game,GAME_BOARD,4.4,869,$3.49,10000,Asmodee Digital,https://play.google.com/store/apps/details?id=com.asmodeedigital.mysterium
93,Talisman,GAME_BOARD,4.3,7961,$3.49,100000,Asmodee Digital,https://play.google.com/store/apps/details?id=com.nomadgames.talisman
94,Sentinels of the Multiverse,GAME_BOARD,4.5,1052,$6.99,10000,Handelabra Games,https://play.google.com/store/apps/details?id=com.handelabra.Sentinels
95,Ganz schÃ¶n clever,GAME_BOARD,4.2,121,$2.99,5000,Brettspielwelt GmbH,https://play.google.com/store/apps/details?id=de.brettspielwelt.ganzschoenclever
96,Tokaidoâ„¢,GAME_BOARD,4.2,490,$1.99,10000,Funforge Digital,https://play.google.com/store/apps/details?id=com.funforgedigital.tokaido
97,Mille Bornes - The Classic French Card Game,GAME_BOARD,3.1,56,$1.99,1000,Asmodee Digital,https://play.google.com/store/apps/details?id=com.asmodeedigital.millebornes
98,Jaipur: A Card Game of Duels,GAME_BOARD,3.9,468,$3.49,10000,Asmodee Digital,https://play.google.com/store/apps/details?id=com.meepletouch.jaipur
99,Lanterns: The Harvest Festival,GAME_BOARD,4.7,211,$4.99,1000,Dire Wolf Digital,https://play.google.com/store/apps/details?id=com.direwolfdigital.lanterns
100,Exploding KittensÂ® - Official,GAME_CARD,4.7,32051,$1.99,100000,Exploding Kittens,https://play.google.com/store/apps/details?id=com.explodingkittens.projectbombsquad
101,Reigns,GAME_CARD,4.7,142464,$2.99,500000,DevolverDigital,https://play.google.com/store/apps/details?id=com.devolver.reigns
102,Skip-Boâ„¢,GAME_CARD,4.4,34599,$2.99,100000,Magmic Inc,https://play.google.com/store/apps/details?id=com.magmic.skipbo
103,Card Wars - Adventure Time,GAME_CARD,4.3,130131,$2.99,1000000,Cartoon Network,https://play.google.com/store/apps/details?id=com.turner.cardwars
104,Reigns: Game of Thrones,GAME_CARD,4.7,8841,$3.99,50000,DevolverDigital,https://play.google.com/store/apps/details?id=com.devolver.reignsGot
105,Reigns: Her Majesty,GAME_CARD,4.8,15371,$2.99,100000,DevolverDigital,https://play.google.com/store/apps/details?id=com.devolver.reigns2
106,Meteorfall: Journeys,GAME_CARD,4.7,558,$3.99,10000,Slothwerks,https://play.google.com/store/apps/details?id=com.slothwerks.meteorfall
107,Solitaire+,GAME_CARD,4.6,11853,$2.99,100000,Brainium Studios,https://play.google.com/store/apps/details?id=com.brainium.solitaire
108,Phase 10,GAME_CARD,4.2,35627,$4.99,100000,Magmic Inc,https://play.google.com/store/apps/details?id=com.magmic.phase10
109,Card Quest,GAME_CARD,4.7,271,$4.99,5000,Black Shell Media,https://play.google.com/store/apps/details?id=com.winterspring.cardquest
110,Decked Builder,GAME_CARD,4.3,4267,$3.99,50000,Decked Studios,https://play.google.com/store/apps/details?id=com.deckedbuilder.deckedbuilder
111,Cribbage Pro Online!,GAME_CARD,4.6,6656,$2.99,50000,"Fuller Systems, Inc.",https://play.google.com/store/apps/details?id=com.fullersystems.cribbage.online
112,Kemono Mahjong,GAME_CARD,4.9,462,$3.99,1000,CyberDog Software,https://play.google.com/store/apps/details?id=com.kemonomahjong.app
113,SET Mania,GAME_CARD,5.0,8,$1.99,500,CF Digital,https://play.google.com/store/apps/details?id=com.setgame.setmania
114,Blackbird,GAME_CARD,4.4,1709,$0.99,10000,R. Don Wilson,https://play.google.com/store/apps/details?id=net.donwilson.blackbird
115,Solitaire MegaPack,GAME_CARD,4.6,6503,$2.99,100000,Tesseract Mobile,https://play.google.com/store/apps/details?id=com.tesseractmobile.solitairemulti
116,Cribbage With Grandpas,GAME_CARD,4.5,55,$2.99,1000,Less Than Three Interactive,https://play.google.com/store/apps/details?id=com.lessthanthree.crib
117,Patch Tarot,GAME_CARD,4.8,72,$2.99,1000,Spirit Studios Inc,https://play.google.com/store/apps/details?id=com.spiritsciencecentral.patchtarot
118,Spades,GAME_CARD,4.2,582,$1.99,10000,AI Factory Limited,https://play.google.com/store/apps/details?id=uk.co.aifactory.spades
119,Gin Rummy,GAME_CARD,4.2,446,$1.99,10000,AI Factory Limited,https://play.google.com/store/apps/details?id=uk.co.aifactory.ginrummy
120,Euchre,GAME_CARD,4.2,123,$1.99,1000,AI Factory Limited,https://play.google.com/store/apps/details?id=uk.co.aifactory.euchre
121,FreeCell Solitaire+,GAME_CARD,4.7,2772,$2.99,10000,Brainium Studios,https://play.google.com/store/apps/details?id=com.brainium.freecell
122,Solitaire Collection Premium,GAME_CARD,4.6,889,$1.95,10000,Ruben Reboredo,https://play.google.com/store/apps/details?id=org.rrl.android.solitairecollectiondeluxe
123,Spider Solitaire+,GAME_CARD,4.6,3364,$2.99,10000,Brainium Studios,https://play.google.com/store/apps/details?id=com.brainium.spider
124,Cat Lady - The Card Game,GAME_CARD,4.8,130,$1.99,1000,Nomad Games,https://play.google.com/store/apps/details?id=com.nomadgames.catlady
125,Fun Slot Machine Las Vegas Pro,GAME_CASINO,4.5,11,$0.99,50,Fortune Wheel of Slot Machine,https://play.google.com/store/apps/details?id=com.fortunewheel.funfreeslotspro
126,Pokertrainer,GAME_CASINO,4.2,106,$0.99,5000,Thomas Karlsson,https://play.google.com/store/apps/details?id=nu.Pokertrainer.Pokertrainer
127,Card Counter,GAME_CASINO,4.7,173,$2.99,1000,TMSOFT,https://play.google.com/store/apps/details?id=com.tmsoft.cardcounter
128,MEGA Money Slots PAID,GAME_CASINO,4.0,7,$1.99,500,Mobile Amusements,https://play.google.com/store/apps/details?id=com.mobileamusements.MegaMoneySlotsPAID
129,Craps Trainer Pro,GAME_CASINO,4.0,339,$4.99,10000,E7Systems.com,https://play.google.com/store/apps/details?id=com.e7systems.craps.pro
130,Top Money ðŸ’µ Slots (PREMIUM),GAME_CASINO,4.4,137,$0.99,1000,Pure Casino Apps,https://play.google.com/store/apps/details?id=com.pure.casino.classic.free.slots.topmoneypremium
131,VIP Slots Club â˜… VIP Casino,GAME_CASINO,4.6,483,$0.99,5000,Duksel Slots & Games,https://play.google.com/store/apps/details?id=com.duksel.slotsclubvip
132,Wild West Faro,GAME_CASINO,4.9,23,$1.49,100,Alpha Innovation Game Studios Ltd.,https://play.google.com/store/apps/details?id=com.AlphaInnovation.WildWestFaroBTT
133,Ultimate X Poker,GAME_CASINO,4.2,87,$1.99,1000,KFTV,https://play.google.com/store/apps/details?id=com.horroronthego.Ultimate_X_Poker
134,Vintage Pachinko,GAME_CASINO,4.0,54,$0.99,1000,Smiling Cat Entertainment LTD,https://play.google.com/store/apps/details?id=com.SmilingCatEntertainment.VintagePachinkoA
135,Roulette Trainer,GAME_CASINO,4.0,2,$2.99,100,Casino Training Software,https://play.google.com/store/apps/details?id=com.roulette.trainer.app
136,Carnival Fiesta Slots PAID,GAME_CASINO,3.8,54,$1.99,1000,Mobile Amusements,https://play.google.com/store/apps/details?id=com.mobileamusements.CarnivalFiestaSlots
137,Cleopatra Keno,GAME_CASINO,3.3,41,$1.99,1000,ejbytes,https://play.google.com/store/apps/details?id=air.com.ejbytes.cleopatrakeno
138,Looking Glass Loot Slots PAID,GAME_CASINO,4.3,13,$0.99,100,Big Lucky Win,https://play.google.com/store/apps/details?id=com.bigluckywin.lookingglasslootpaid
139,Crock O'Gold Rainbow Slots PAID,GAME_CASINO,,0,$1.99,5,Mobile Amusements,https://play.google.com/store/apps/details?id=com.mobileamusements.CrockOGoldSlotsPAID
140,Mega Hearts 2 Slots,GAME_CASINO,4.1,191,$2.89,10000,616 Digital LLC.,https://play.google.com/store/apps/details?id=com.pokiemagic.MegaHearts2
141,Scratch-a-Lotto Scratch Card Lottery PAID,GAME_CASINO,4.3,3,$1.99,100,Mobile Amusements,https://play.google.com/store/apps/details?id=com.mobileamusements.ScratchaLottoFREE
142,Best Hold,GAME_CASINO,5.0,0,$4.99,10,VideoPoker.com,https://play.google.com/store/apps/details?id=com.actiongaming.besthold
143,Cool Keno Plus,GAME_CASINO,4.1,15,$1.99,100,Chuck Santo,https://play.google.com/store/apps/details?id=air.air.CoolKenoPlus2
144,Slot machine cherry master,GAME_CASINO,3.6,241,$1.49,10000,H&P,https://play.google.com/store/apps/details?id=com.SmartFruitsSlot
145,Zeus Epic Slots Machine Pro,GAME_CASINO,5.0,0,$0.99,5,Fortune Wheel of Slot Machine,https://play.google.com/store/apps/details?id=com.fortunewheel.zeusepicpro
146,Slot Machine+,GAME_CASINO,4.4,12126,$0.99,100000,Apostek Software LLP,https://play.google.com/store/apps/details?id=com.apostek.SlotMachine.paid
147,Slinder BitCoin Slots,GAME_CASINO,,0,$0.99,1,SlinderWear,https://play.google.com/store/apps/details?id=com.wSlinderBitCoinSlots_8364011
148,Video Poker PayTables by VideoPoker.com,GAME_CASINO,3.7,3,$1.99,10,VideoPoker.com,https://play.google.com/store/apps/details?id=videopoker.paytablefinder
149,Blackjack Wiz Casino Trainer,GAME_CASINO,3.8,4,$2.99,50,Sea-Rocks Entertainment,https://play.google.com/store/apps/details?id=com.searocks.blackjackwiz001
150,Let's Create! Pottery,GAME_CASUAL,4.6,27484,$4.99,100000,Infinite Dreams,https://play.google.com/store/apps/details?id=pl.idreams.pottery
151,Hidden Folks,GAME_CASUAL,4.8,884,$3.99,10000,Adriaan de Jongh,https://play.google.com/store/apps/details?id=com.adriaandejongh.hiddenfolks
152,FINAL FANTASY,GAME_CASUAL,3.9,7722,$7.99,100000,"SQUARE ENIX Co.,Ltd.",https://play.google.com/store/apps/details?id=com.square_enix.android_googleplay.finalfantasy
153,Meme Soundboard PRO 2019,GAME_CASUAL,4.7,843,$0.99,10000,Zeptars,https://play.google.com/store/apps/details?id=com.zeptars.memesoundboardpro
154,Tamagotchi Classic - Gen1,GAME_CASUAL,3.8,792,$0.99,50000,BANDAI NAMCO Entertainment Inc.,https://play.google.com/store/apps/details?id=com.bandainamcoent.tamagothiclassicus
155,Game Dev Story,GAME_CASUAL,4.6,61924,$2.49,500000,"Kairosoft Co.,Ltd",https://play.google.com/store/apps/details?id=net.kairosoft.android.gamedev3en
156,Jazza's Arty Games,GAME_CASUAL,4.8,2975,$2.99,50000,Jazza Studios,https://play.google.com/store/apps/details?id=com.JazzaStudios.JazzasArtyGames
157,Little Inferno,GAME_CASUAL,4.5,14049,$4.99,100000,Tomorrow Corporation,https://play.google.com/store/apps/details?id=com.littleinferno.google
158,supertype,GAME_CASUAL,4.4,85,$1.99,5000,Philipp Stollenmayer,https://play.google.com/store/apps/details?id=de.kamibox.typo
159,My PlayHome Stores,GAME_CASUAL,4.5,2012,$2.99,50000,Shimon Young : Play Home Software,https://play.google.com/store/apps/details?id=com.playhome.stores
160,My PlayHome : Play Home Doll House,GAME_CASUAL,4.6,3799,$3.49,50000,Shimon Young : Play Home Software,https://play.google.com/store/apps/details?id=com.playhome
161,Fieldrunners HD,GAME_CASUAL,3.5,8397,$1.99,100000,"Subatomic Studios, LLC",https://play.google.com/store/apps/details?id=com.subatomicstudios
162,SpongeBob's Game Frenzy,GAME_CASUAL,4.1,1606,$2.99,50000,Nickelodeon,https://play.google.com/store/apps/details?id=com.mtvn.SBminigame
163,My PlayHome School,GAME_CASUAL,4.6,1706,$2.99,50000,Shimon Young : Play Home Software,https://play.google.com/store/apps/details?id=com.playhome.school
164,Brink of Consciousness (Full),GAME_CASUAL,4.2,3946,$0.99,10000,Big Fish Games,https://play.google.com/store/apps/details?id=com.bigfishgames.doriangraygoogfull
165,Hotel Dash Deluxe,GAME_CASUAL,3.8,3776,$1.99,50000,Glu,https://play.google.com/store/apps/details?id=com.playfirst.playground.hoteldashdeluxe
166,My PlayHome Hospital,GAME_CASUAL,4.7,1057,$2.99,10000,Shimon Young : Play Home Software,https://play.google.com/store/apps/details?id=com.playhome.hospital
167,Haunted Hotel: Death Sentence (Full),GAME_CASUAL,4.4,1238,$2.99,10000,Big Fish Games,https://play.google.com/store/apps/details?id=com.bigfishgames.hhdsgoogfull
168,ReactionLab 2,GAME_CASUAL,4.5,695,$1.29,5000,H.F. Games,https://play.google.com/store/apps/details?id=hfgames.reactionlab2
169,Burger Shop 2 Deluxe,GAME_CASUAL,4.9,355,$1.99,5000,GoBit Games,https://play.google.com/store/apps/details?id=com.gobit.burgershop2.premium
170,Wedding Dash Deluxe,GAME_CASUAL,3.8,4064,$1.99,50000,Glu,https://play.google.com/store/apps/details?id=com.playfirst.playground.weddingdashdeluxe
171,Virtual Villagers 4,GAME_CASUAL,3.4,1872,$1.99,10000,"Last Day of Work, LLC",https://play.google.com/store/apps/details?id=com.ldw.vv4
172,SpongeBob Diner Dash Deluxe,GAME_CASUAL,4.1,1256,$1.99,10000,Glu,https://play.google.com/store/apps/details?id=com.playfirst.playground.dinerdashspongebobdeluxe
173,Fieldrunners 2,GAME_CASUAL,4.3,10486,$2.99,100000,"Subatomic Studios, LLC",https://play.google.com/store/apps/details?id=com.subatomicstudios.fieldrunners2
174,Mega Mall Story,GAME_CASUAL,4.5,3026,$4.99,50000,"Kairosoft Co.,Ltd",https://play.google.com/store/apps/details?id=net.kairosoft.android.depart_en
175,Teach Your Monster to Read - Phonics and Reading,GAME_EDUCATIONAL,4.4,779,$4.99,100000,Teach Monster Games Limited,https://play.google.com/store/apps/details?id=com.teachyourmonstertoread.tmapp
176,Explore Daniel's Neighborhood,GAME_EDUCATIONAL,4.4,1409,$2.99,50000,PBS KIDS,https://play.google.com/store/apps/details?id=org.pbskids.dtigerexploreneighborhood
177,Toca Boo,GAME_EDUCATIONAL,4.2,1875,$3.99,50000,Toca Boca,https://play.google.com/store/apps/details?id=com.tocaboca.tocaboo
178,Toca Blocks,GAME_EDUCATIONAL,4.4,5865,$3.99,100000,Toca Boca,https://play.google.com/store/apps/details?id=com.tocaboca.blocks
179,My City : Office,GAME_EDUCATIONAL,4.4,91,$2.99,1000,My Town Games Ltd,https://play.google.com/store/apps/details?id=mycity.office
180,My Town : Airport,GAME_EDUCATIONAL,4.5,503,$2.99,10000,My Town Games Ltd,https://play.google.com/store/apps/details?id=mytown.airport
181,Peppa Pig: Holiday,GAME_EDUCATIONAL,3.7,394,$2.99,50000,Entertainment One,https://play.google.com/store/apps/details?id=com.peppapig.holiday
182,Toca Lab: Plants,GAME_EDUCATIONAL,4.2,728,$3.99,50000,Toca Boca,https://play.google.com/store/apps/details?id=com.tocaboca.tocalabplants
183,My Town : Hospital,GAME_EDUCATIONAL,4.2,908,$2.99,10000,My Town Games Ltd,https://play.google.com/store/apps/details?id=mytown.hospital
184,Daniel Tiger's Stop & Go Potty,GAME_EDUCATIONAL,3.1,146,$2.99,10000,PBS KIDS,https://play.google.com/store/apps/details?id=air.org.pbskids.danieltigerpottyapp
185,BRIO World - Railway,GAME_EDUCATIONAL,4.5,454,$2.99,10000,Filimundus AB,https://play.google.com/store/apps/details?id=se.filimundus.briorailway
186,My City : Dentist visit,GAME_EDUCATIONAL,4.4,135,$2.99,5000,My Town Games Ltd,https://play.google.com/store/apps/details?id=mycity.dentist
187,My Town : ICEME Amusement Park,GAME_EDUCATIONAL,4.5,238,$2.99,10000,My Town Games Ltd,https://play.google.com/store/apps/details?id=mytown.amusementpark
188,Dr. Panda Restaurant 2,GAME_EDUCATIONAL,4.3,3791,$2.99,100000,Dr. Panda,https://play.google.com/store/apps/details?id=com.tribeplay.pandarestaurant2
189,Stack the StatesÂ® 2,GAME_EDUCATIONAL,4.4,131,$2.99,10000,Dan Russell-Pinson,https://play.google.com/store/apps/details?id=com.freecloud.StackTheStates2
190,Toca Mystery House,GAME_EDUCATIONAL,4.2,154,$3.99,10000,Toca Boca,https://play.google.com/store/apps/details?id=com.tocaboca.tocamysteryhouse
191,My City : Home,GAME_EDUCATIONAL,4.2,527,$2.99,10000,My Town Games Ltd,https://play.google.com/store/apps/details?id=mycity.home
192,Learn to Read with Tommy Turtle,GAME_EDUCATIONAL,4.2,1118,$2.99,100000,Intellijoy Educational Games for Kids,https://play.google.com/store/apps/details?id=com.intellijoy.android.reading
193,My Town : Pets,GAME_EDUCATIONAL,4.4,249,$2.99,10000,My Town Games Ltd,https://play.google.com/store/apps/details?id=mytown.pets
194,My Town : School,GAME_EDUCATIONAL,4.3,660,$2.99,10000,My Town Games Ltd,https://play.google.com/store/apps/details?id=mytown.school
195,Wild Kratts Rescue Run,GAME_EDUCATIONAL,3.5,12,$2.99,1000,PBS KIDS,https://play.google.com/store/apps/details?id=org.pbskids.wildkrattsrunner
196,My City : After School,GAME_EDUCATIONAL,4.3,158,$2.99,5000,My Town Games Ltd,https://play.google.com/store/apps/details?id=mycity.afterschool
197,PAW Patrol Air and Sea Adventures,GAME_EDUCATIONAL,3.9,1991,$3.99,100000,Nickelodeon,https://play.google.com/store/apps/details?id=net.pluginmedia.pawpatrolflyer
198,My Town : Best Friends' House,GAME_EDUCATIONAL,4.4,768,$2.99,10000,My Town Games Ltd,https://play.google.com/store/apps/details?id=mytown.friendshouse
199,Second Grade Learning Games,GAME_EDUCATIONAL,4.4,553,$3.99,10000,RosiMosi LLC,https://play.google.com/store/apps/details?id=com.kevinbradford.games.secondgrade
200,Cytus II,GAME_MUSIC,4.7,28023,$1.99,100000,Rayark International Limited,https://play.google.com/store/apps/details?id=com.rayark.cytus2
201,Incredibox,GAME_MUSIC,4.8,4533,$3.99,50000,So Far So Good,https://play.google.com/store/apps/details?id=com.sofarsogood.incredibox
202,Lowriders Comeback 2: Cruising,GAME_MUSIC,4.7,689,$1.99,10000,MontanaGames,https://play.google.com/store/apps/details?id=com.MontanaGames.Lowriders.Comeback2
203,Muse Dash,GAME_MUSIC,4.7,7328,$2.99,50000,X.D. Network,https://play.google.com/store/apps/details?id=com.prpr.musedash
204,Note Rush: Learn to Read Music,GAME_MUSIC,4.4,110,$3.99,5000,Thomas Grayston Software,https://play.google.com/store/apps/details?id=com.TGSoftware.NoteRush
205,My Singing Monsters Composer,GAME_MUSIC,4.4,293,$4.49,1000,Big Blue Bubble,https://play.google.com/store/apps/details?id=com.bigbluebubble.msmcomposer
206,Ghostemane Pentacles 1.5,GAME_MUSIC,5.0,6,$0.99,100,Rapsmyinitials,https://play.google.com/store/apps/details?id=com.rapsmyinitials.ghostemanepentacles
207,Drum Pad Beats,GAME_MUSIC,4.9,13,$7.99,100,"Teoti Graphix, LLC",https://play.google.com/store/apps/details?id=com.teotigraphix.drumpadbeats
208,Learn Music Notes,GAME_MUSIC,4.8,179,$1.99,5000,K0RTXTECH,https://play.google.com/store/apps/details?id=air.junglemusic
209,Wonder Parade,GAME_MUSIC,4.7,117,$3.99,1000,studioQuare,https://play.google.com/store/apps/details?id=com.studioQuare.WP
210,VirtualDrumming,GAME_MUSIC,3.9,216,$1.06,5000,Virtual Drumming,https://play.google.com/store/apps/details?id=it.virtualdrumming.android
211,Caustic 3.2 DubTech Pack 1,GAME_MUSIC,5.0,2,$0.99,100,"Teoti Graphix, LLC",https://play.google.com/store/apps/details?id=com.teotigraphix.dubtech1
212,TREBLE CAT,GAME_MUSIC,4.1,87,$4.99,10000,LMuse Limited,https://play.google.com/store/apps/details?id=com.stockmusicboutique.treblecatpro
213,Caustic 3.2 DrumSynth Pack 4,GAME_MUSIC,,0,$0.99,100,"Teoti Graphix, LLC",https://play.google.com/store/apps/details?id=com.teotigraphix.drumsynth4
214,Orbital Loop,GAME_MUSIC,4.0,4,$1.99,500,Fun Bits,https://play.google.com/store/apps/details?id=com.FunBits.DrumCircles
215,Caustic 3.2 TechHouse Pack 3,GAME_MUSIC,4.0,0,$0.99,100,"Teoti Graphix, LLC",https://play.google.com/store/apps/details?id=com.teotigraphix.techhouse3
216,Caustic 3.2 House Pack 1,GAME_MUSIC,5.0,2,$0.99,100,"Teoti Graphix, LLC",https://play.google.com/store/apps/details?id=com.teotigraphix.house1
217,Caustic 3.2 Minimal Pack 2,GAME_MUSIC,5.0,2,$0.99,100,"Teoti Graphix, LLC",https://play.google.com/store/apps/details?id=com.teotigraphix.minimal2
218,Caustic 3.2 Tech House Pack 1,GAME_MUSIC,5.0,2,$0.99,100,"Teoti Graphix, LLC",https://play.google.com/store/apps/details?id=com.teotigraphix.techhouse1
219,Professional Flute Elite,GAME_MUSIC,2.0,0,$0.99,10,Alyaka,https://play.google.com/store/apps/details?id=tr.com.alyaka.alper.professionalfluteelite
220,Piano Flashcards,GAME_MUSIC,4.3,20,$2.00,100,Uriel Frankel,https://play.google.com/store/apps/details?id=frankel.uriel.piano
221,Hangman The Doors Band Trivia,GAME_MUSIC,5.0,0,$0.99,10,Apt App,https://play.google.com/store/apps/details?id=air.theDoorsHangman
222,Piano Master Christmas Special,GAME_MUSIC,4.0,133,$0.99,1000,B77 Entertainment,https://play.google.com/store/apps/details?id=it.b77.pianomasterchristmas2
223,Piano Master,GAME_MUSIC,4.4,2481,$1.99,50000,B77 Entertainment,https://play.google.com/store/apps/details?id=it.b77.pianomaster2
224,Meow Music,GAME_MUSIC,5.0,2,$0.99,10,Eyponr,https://play.google.com/store/apps/details?id=com.eyup.MeowMusicFEE
225,The Room,GAME_PUZZLE,4.8,238543,$0.99,1000000,Fireproof Games,https://play.google.com/store/apps/details?id=com.FireproofStudios.TheRoom
226,Scribblenauts Remix,GAME_PUZZLE,4.2,106317,$0.99,1000000,Warner Bros. International Enterprises,https://play.google.com/store/apps/details?id=com.wb.goog.scribbleremix
227,Scribblenauts Unlimited,GAME_PUZZLE,4.4,12756,$4.99,100000,Warner Bros. International Enterprises,https://play.google.com/store/apps/details?id=com.wb.goog.scribblenauts3
228,The Room: Old Sins,GAME_PUZZLE,4.9,38176,$4.99,100000,Fireproof Games,https://play.google.com/store/apps/details?id=com.FireproofStudios.TheRoom4
229,Florence,GAME_PUZZLE,4.8,5582,$2.99,10000,Annapurna Interactive,https://play.google.com/store/apps/details?id=com.mountains.feathertop
230,Monument Valley,GAME_PUZZLE,4.8,208257,$3.99,1000000,ustwo games,https://play.google.com/store/apps/details?id=com.ustwo.monumentvalley
231,The House of Da Vinci,GAME_PUZZLE,4.8,15496,$4.99,100000,Blue Brain Games s.r.o.,https://play.google.com/store/apps/details?id=com.bluebraingames.thehouseofdavinci
232,The Room Three,GAME_PUZZLE,4.9,86489,$3.99,500000,Fireproof Games,https://play.google.com/store/apps/details?id=com.FireproofStudios.TheRoom3
233,The Room Two,GAME_PUZZLE,4.9,201724,$1.99,1000000,Fireproof Games,https://play.google.com/store/apps/details?id=com.FireproofStudios.TheRoom2
234,Agent A: A puzzle in disguise,GAME_PUZZLE,4.8,21597,$1.29,100000,Yak & Co,https://play.google.com/store/apps/details?id=co.yakand.agentaapuzzleindisguise
235,Monument Valley 2,GAME_PUZZLE,4.7,12917,$4.99,100000,ustwo games,https://play.google.com/store/apps/details?id=com.ustwo.monumentvalley2
236,Bridge Constructor Portal,GAME_PUZZLE,4.9,5424,$4.99,100000,Headup,https://play.google.com/store/apps/details?id=com.headupgames.bridgeconstructorportal
237,Hitman GO,GAME_PUZZLE,4.6,85838,$0.99,500000,SQUARE ENIX Ltd,https://play.google.com/store/apps/details?id=com.squareenixmontreal.hitmango
238,Lara Croft GO,GAME_PUZZLE,4.8,59831,$0.99,500000,SQUARE ENIX Ltd,https://play.google.com/store/apps/details?id=com.squareenixmontreal.lcgo
239,Where's My Water?,GAME_PUZZLE,4.7,189766,$1.99,1000000,Disney,https://play.google.com/store/apps/details?id=com.disney.WMW
240,Doodle Godâ„¢,GAME_PUZZLE,4.2,14728,$0.99,100000,JoyBits Co. Ltd.,https://play.google.com/store/apps/details?id=joybits.doodlegod
241,Gorogoa,GAME_PUZZLE,4.7,650,$4.99,10000,Annapurna Interactive,https://play.google.com/store/apps/details?id=unity.Annapurna.Gorogoa
242,Doodle Godâ„¢ HD,GAME_PUZZLE,4.1,5435,$1.99,50000,JoyBits Co. Ltd.,https://play.google.com/store/apps/details?id=joybits.doodlegod_hd
243,Deus Ex GO,GAME_PUZZLE,4.5,9968,$0.99,100000,SQUARE ENIX Ltd,https://play.google.com/store/apps/details?id=com.squareenixmontreal.deusexgo
244,Human Resource Machine,GAME_PUZZLE,4.7,1063,$4.99,10000,Tomorrow Corporation,https://play.google.com/store/apps/details?id=com.tomorrowcorporation.humanresourcemachine
245,Doodle Devilâ„¢ HD,GAME_PUZZLE,4.2,1183,$0.99,10000,JoyBits Co. Ltd.,https://play.google.com/store/apps/details?id=com.joybits.doodledevil_hd_pay
246,Cut the Rope GOLD,GAME_PUZZLE,4.6,63936,$0.99,1000000,ZeptoLab,https://play.google.com/store/apps/details?id=com.zeptolab.ctr.paid
247,"Please, Don't Touch Anything",GAME_PUZZLE,4.4,1861,$4.99,50000,ForwardXP,https://play.google.com/store/apps/details?id=com.fourquarters.PleaseDontTouchAnything
248,"sugar, sugar",GAME_PUZZLE,4.2,1453,$1.20,50000,Bart Bonte,https://play.google.com/store/apps/details?id=air.air.SugarSugar
249,World of Goo,GAME_PUZZLE,4.7,35048,$4.99,500000,2D BOY,https://play.google.com/store/apps/details?id=com.twodboy.worldofgoofull
250,Real Drift Car Racing,GAME_RACING,4.6,53928,$0.99,500000,Real Games srls,https://play.google.com/store/apps/details?id=com.realdrift.sipon
251,Need for Speed Most Wanted,GAME_RACING,3.9,44730,$4.99,1000000,ELECTRONIC ARTS,https://play.google.com/store/apps/details?id=com.ea.games.nfs13_na
252,Earn to Die,GAME_RACING,4.5,78810,$1.49,1000000,Not Doppler,https://play.google.com/store/apps/details?id=com.notdoppler.earntodie
253,Bike Race Pro by T. F. Games,GAME_RACING,4.7,22405,$0.99,100000,Top Free Games.,https://play.google.com/store/apps/details?id=com.topfreegames.bikeraceproworld
254,Motorsport Manager Mobile 3,GAME_RACING,4.7,6287,$3.99,100000,Playsport Games,https://play.google.com/store/apps/details?id=com.playsportgames.mmm3
255,Rush Rally 2,GAME_RACING,4.5,3060,$0.99,50000,Brownmonster Limited,https://play.google.com/store/apps/details?id=brownmonster.app.game.rushrally2
256,Riptide GP: Renegade,GAME_RACING,4.7,4712,$2.99,100000,Vector Unit,https://play.google.com/store/apps/details?id=com.vectorunit.silver.googleplay
257,TRAIL CLIMB,GAME_RACING,3.4,655,$0.99,10000,GOOD BOYS,https://play.google.com/store/apps/details?id=com.GB.TRAILCLIMB
258,Dirt Trackin,GAME_RACING,4.6,5928,$2.99,50000,"Bennett Racing Simulations, LLC",https://play.google.com/store/apps/details?id=com.bennettracingsimulations.dirttrackin
259,PJ Masks: Racing Heroes,GAME_RACING,2.7,24,$3.99,1000,Entertainment One,https://play.google.com/store/apps/details?id=com.pjmasks.racingheroes
260,Dirt Trackin Sprint Cars,GAME_RACING,3.8,629,$3.99,10000,"Bennett Racing Simulations, LLC",https://play.google.com/store/apps/details?id=com.dt.sprintcars
261,F1 2016,GAME_RACING,4.1,10809,$1.99,100000,Codemasters Software Company Ltd,https://play.google.com/store/apps/details?id=com.codemasters.f12016
262,Riptide GP2,GAME_RACING,4.6,37223,$1.99,500000,Vector Unit,https://play.google.com/store/apps/details?id=com.vectorunit.red
263,Ricky Carmichael's Motocross,GAME_RACING,3.9,5350,$0.99,100000,"2XL Games, Inc.",https://play.google.com/store/apps/details?id=com.twoxlgames.mxmatchup
264,Need for Speed Hot Pursuit,GAME_RACING,3.3,4412,$4.99,100000,ELECTRONIC ARTS,https://play.google.com/store/apps/details?id=com.eamobile.nfshp_na_wf
265,Outlaws - Sprint Car Racing,GAME_RACING,1.4,5,$3.49,100,Game Mode,https://play.google.com/store/apps/details?id=ea.f1championship
266,Absolute Drift,GAME_RACING,3.9,77,$2.99,1000,Noodlecake Studios Inc,https://play.google.com/store/apps/details?id=com.noodlecake.absolutedrift
267,Pocket Rally,GAME_RACING,4.2,6718,$0.99,100000,Illusion Magic Studio,https://play.google.com/store/apps/details?id=com.IMStudio.PocketRally
268,Drag Racing 3D,GAME_RACING,4.4,13646,$0.99,100000,REVOLUTION FIST,https://play.google.com/store/apps/details?id=com.mvasiliy.dragracing3d
269,ULTRA4 Offroad Racing,GAME_RACING,4.1,3812,$1.99,100000,Gigabit Games,https://play.google.com/store/apps/details?id=com.GigaBitGames.Ultra4OffroadRacing
270,Draw Rider Plus,GAME_RACING,4.6,2798,$0.99,10000,17Studio,https://play.google.com/store/apps/details?id=com.Studio17.drawriderplus
271,Mini Motor Racing,GAME_RACING,4.2,21234,$2.99,100000,The Binary Mill,https://play.google.com/store/apps/details?id=com.nextgenreality.minimoto
272,Bike Mayhem Mountain Racing,GAME_RACING,4.3,16991,$0.99,100000,Best Free Games Inc.,https://play.google.com/store/apps/details?id=mobi.bestfreegames.bike.mayhem.extreme.mountain.racing
273,Riptide GP,GAME_RACING,4.5,9329,$0.99,100000,Vector Unit,https://play.google.com/store/apps/details?id=com.vectorunit.blue
274,Need for Speedâ„¢ No Limits VR,GAME_RACING,3.2,258,$14.99,10000,ELECTRONIC ARTS,https://play.google.com/store/apps/details?id=com.ea.gp.nfs14vr
275,Star Warsâ„¢: KOTOR,GAME_ROLE_PLAYING,4.5,39944,$9.99,100000,"Aspyr Media, Inc.",https://play.google.com/store/apps/details?id=com.aspyr.swkotor
276,Evoland,GAME_ROLE_PLAYING,4.4,7385,$0.99,100000,Playdigious,https://play.google.com/store/apps/details?id=air.com.shirogames.evoland12
277,Doom & Destiny Advanced,GAME_ROLE_PLAYING,4.7,6879,$0.99,50000,Heartbit Interactive Srl,https://play.google.com/store/apps/details?id=hb.doom_and_destiny_advanced
278,Monster Hunter Stories,GAME_ROLE_PLAYING,4.6,3954,$19.99,10000,"CAPCOM CO., LTD.",https://play.google.com/store/apps/details?id=jp.co.capcom.mhsspen
279,Neverwinter Nights: Enhanced Edition,GAME_ROLE_PLAYING,3.6,591,$9.99,10000,Beamdog,https://play.google.com/store/apps/details?id=com.beamdog.nwnandroid
280,FINAL FANTASY VII,GAME_ROLE_PLAYING,3.3,7299,$15.99,100000,"SQUARE ENIX Co.,Ltd.",https://play.google.com/store/apps/details?id=com.square_enix.android_googleplay.FFVII
281,EvoCreo,GAME_ROLE_PLAYING,4.3,25730,$0.99,100000,ilmfinity,https://play.google.com/store/apps/details?id=ilmfinity.evocreo.main.android
282,Everybody's RPG,GAME_ROLE_PLAYING,4.5,17956,$0.99,100000,NomadGames,https://play.google.com/store/apps/details?id=com.nomadgames.everybodyrpgpay
283,CHRONO TRIGGER (Upgrade Ver.),GAME_ROLE_PLAYING,3.9,11669,$9.99,100000,"SQUARE ENIX Co.,Ltd.",https://play.google.com/store/apps/details?id=com.square_enix.android_googleplay.chrono
284,Alter Ego,GAME_ROLE_PLAYING,4.3,1546,$4.99,10000,Choose Multiple LLC,https://play.google.com/store/apps/details?id=com.playalterego.android
285,Doom & Destiny,GAME_ROLE_PLAYING,4.8,18503,$0.99,50000,Heartbit Interactive Srl,https://play.google.com/store/apps/details?id=hb.doom_and_destiny
286,Sword Knights : Idle RPG (Premium),GAME_ROLE_PLAYING,4.6,1802,$0.99,50000,Honeydew Games,https://play.google.com/store/apps/details?id=com.honeydew.stealerpremium
287,Baldur's Gate: Enhanced Edition,GAME_ROLE_PLAYING,4.5,20943,$9.99,100000,Beamdog,https://play.google.com/store/apps/details?id=com.beamdog.baldursgateenhancededition
288,Rogue Hearts,GAME_ROLE_PLAYING,4.6,6953,$0.99,100000,Ninetail Games,https://play.google.com/store/apps/details?id=com.ninetailgames.roguehearts.paid
289,Nimian Legends : BrightRidge,GAME_ROLE_PLAYING,4.4,1493,$2.99,10000,Protopop Games,https://play.google.com/store/apps/details?id=com.protopop.brightridge
290,DRAGON QUEST,GAME_ROLE_PLAYING,4.2,9942,$2.99,100000,"SQUARE ENIX Co.,Ltd.",https://play.google.com/store/apps/details?id=com.square_enix.android_googleplay.dq1_gp
291,ICEY,GAME_ROLE_PLAYING,4.5,4092,$2.99,50000,X.D. Network,https://play.google.com/store/apps/details?id=com.fantablade.icey
292,Evoland 2,GAME_ROLE_PLAYING,4.3,3225,$4.99,50000,Playdigious,https://play.google.com/store/apps/details?id=com.playdigious.evoland2
293,Day R Premium,GAME_ROLE_PLAYING,4.7,58914,$2.49,100000,tltGames,https://play.google.com/store/apps/details?id=com.gm_shaber.dayrpremium
294,Pocket Rogues: Ultimate,GAME_ROLE_PLAYING,4.7,1959,$2.99,10000,EtherGaming,https://play.google.com/store/apps/details?id=com.EtherGaming.PocketRoguesUltimate
295,Attack the Light,GAME_ROLE_PLAYING,4.7,19770,$2.99,100000,Cartoon Network,https://play.google.com/store/apps/details?id=com.turner.stevenrpg
296,80 Days,GAME_ROLE_PLAYING,4.6,6345,$4.99,50000,inkle Ltd,https://play.google.com/store/apps/details?id=com.inkle.eightydays
297,A Dark Room Â®,GAME_ROLE_PLAYING,4.7,6818,$1.99,100000,Amir Rajan,https://play.google.com/store/apps/details?id=com.yourcompany.adarkroom
298,Siralim 3 (Monster Taming RPG),GAME_ROLE_PLAYING,4.9,369,$4.99,1000,"Thylacine Studios, LLC",https://play.google.com/store/apps/details?id=com.thylacinestudios.siralim3
299,Goat Simulator MMO Simulator,GAME_ROLE_PLAYING,4.2,5618,$4.99,100000,Coffee Stain Publishing,https://play.google.com/store/apps/details?id=com.coffeestainstudios.goatsimulator.mmo
300,Mini Metro,GAME_SIMULATION,4.8,16064,$0.99,100000,Dinosaur Polo Club,https://play.google.com/store/apps/details?id=nz.co.codepoint.minimetro
301,Poly Bridge,GAME_SIMULATION,4.6,3033,$0.99,100000,Dry Cactus Limited,https://play.google.com/store/apps/details?id=com.drycactus.polybridge
302,Farming Simulator 18,GAME_SIMULATION,4.5,24965,$4.99,500000,GIANTS Software,https://play.google.com/store/apps/details?id=com.giantssoftware.fs18.google
303,Game Dev Tycoon,GAME_SIMULATION,4.9,21201,$4.99,100000,Greenheart Games,https://play.google.com/store/apps/details?id=com.greenheartgames.gdt
304,Goat Simulator,GAME_SIMULATION,4.3,100930,$4.99,1000000,Coffee Stain Publishing,https://play.google.com/store/apps/details?id=com.coffeestainstudios.goatsimulator
305,Pocket City,GAME_SIMULATION,4.6,2814,$3.99,100000,Codebrew Games,https://play.google.com/store/apps/details?id=com.codebrewgames.pocketcitygame
306,FINAL FANTASY TACTICS : WotL,GAME_SIMULATION,4.2,13062,$11.99,100000,"SQUARE ENIX Co.,Ltd.",https://play.google.com/store/apps/details?id=com.square_enix.android_googleplay.FFT_en2
307,Getting Over It with Bennett Foddy,GAME_SIMULATION,3.9,1023,$4.99,10000,Noodlecake Studios Inc,https://play.google.com/store/apps/details?id=com.noodlecake.gettingoverit
308,Infinite Flight - Flight Simulator,GAME_SIMULATION,4.3,57274,$4.99,500000,Infinite Flight LLC,https://play.google.com/store/apps/details?id=com.fds.infiniteflight
309,Project Highrise,GAME_SIMULATION,4.6,969,$3.99,10000,Kalypso Media Mobile GmbH,https://play.google.com/store/apps/details?id=com.kalypsomedia.projecthighrise
310,Goat Simulator Payday,GAME_SIMULATION,4.4,3072,$4.99,50000,Coffee Stain Publishing,https://play.google.com/store/apps/details?id=com.coffeestainstudios.goatsimulator.payday
311,Youtubers Life: Gaming Channel,GAME_SIMULATION,4.2,6981,$8.99,100000,U-Play Online,https://play.google.com/store/apps/details?id=com.uplayonline.youtubers
312,Solar 2,GAME_SIMULATION,4.4,3730,$2.99,10000,Murudai,https://play.google.com/store/apps/details?id=com.murudai.Solar2
313,Truck Simulator PRO 2,GAME_SIMULATION,3.8,1721,$5.49,10000,Mageeks Apps & Games,https://play.google.com/store/apps/details?id=com.mageeks.android.trucksimulatorpro2
314,Goat Simulator Waste of Space,GAME_SIMULATION,4.3,4749,$4.99,100000,Coffee Stain Publishing,https://play.google.com/store/apps/details?id=com.coffeestainstudios.goatsimulator.wasteofspace
315,One Hour One Life for Mobile,GAME_SIMULATION,4.6,1969,$4.99,10000,Dual Decade,https://play.google.com/store/apps/details?id=com.wereviz.evolution
316,911 Operator,GAME_SIMULATION,4.5,3746,$6.49,50000,Games Operators,https://play.google.com/store/apps/details?id=com.jutsugames.operator911
317,Pocket Aquarium,GAME_SIMULATION,4.3,123,$0.99,10000,LinkLock,https://play.google.com/store/apps/details?id=com.linklock.pocketaquarium
318,My Child Lebensborn,GAME_SIMULATION,4.8,920,$2.99,10000,Sarepta Studio,https://play.google.com/store/apps/details?id=com.Sarepta.MyChildLebensborn
319,Construction Simulator 2,GAME_SIMULATION,4.1,7373,$2.99,100000,astragon Entertainment GmbH,https://play.google.com/store/apps/details?id=com.astragon.cs2016
320,SPACEPLAN,GAME_SIMULATION,4.4,1610,$2.99,10000,DevolverDigital,https://play.google.com/store/apps/details?id=com.devolver.spaceplan
321,Farming Simulator 16,GAME_SIMULATION,4.2,33995,$2.99,500000,GIANTS Software,https://play.google.com/store/apps/details?id=com.giantssoftware.fs16
322,SimplePlanes,GAME_SIMULATION,4.4,10062,$4.99,100000,"Jundroo, LLC",https://play.google.com/store/apps/details?id=com.jundroo.SimplePlanes
323,Farming USA 2,GAME_SIMULATION,4.6,3300,$3.99,10000,Bowen Games LLC,https://play.google.com/store/apps/details?id=com.bowengames.farmingusa2
324,SIMULACRA - Found phone horror mystery,GAME_SIMULATION,4.9,3875,$4.99,10000,Kaigan Games OÃœ,https://play.google.com/store/apps/details?id=com.kaigan.simulacra
325,NBA 2K19,GAME_SPORTS,3.8,6433,$7.99,50000,"2K, Inc.",https://play.google.com/store/apps/details?id=com.t2ksports.nba2k19and
326,True Skate,GAME_SPORTS,4.4,134171,$1.99,1000000,True Axis,https://play.google.com/store/apps/details?id=com.trueaxis.trueskate
327,NBA JAM  by EA SPORTSâ„¢,GAME_SPORTS,4.3,56771,$4.99,500000,ELECTRONIC ARTS,https://play.google.com/store/apps/details?id=com.eamobile.nbajam_na_wf
328,Football Manager 2019 Mobile,GAME_SPORTS,4.0,7155,$8.99,100000,SEGA,https://play.google.com/store/apps/details?id=football.manager.games.fm19.mobile
329,WWE 2K,GAME_SPORTS,3.9,11912,$5.99,100000,"2K, Inc.",https://play.google.com/store/apps/details?id=com.t2ksports.wwe2k15mobile
330,Clay Hunt PRO,GAME_SPORTS,4.3,261,$4.99,5000,Shotgun Gaming Oy,https://play.google.com/store/apps/details?id=com.aleksirantonen.clayhuntpro
331,Skater,GAME_SPORTS,3.8,4563,$5.49,50000,The Skater Team,https://play.google.com/store/apps/details?id=com.froschmedia.skater
332,OK Golf,GAME_SPORTS,4.3,1320,$2.99,50000,Playdigious,https://play.google.com/store/apps/details?id=com.okidokico.okgolf
333,R.B.I. Baseball 18,GAME_SPORTS,3.9,326,$4.99,5000,"MLB Advanced Media, L.P.",https://play.google.com/store/apps/details?id=com.mlb.RBIBaseball2018
334,Flick Golf!,GAME_SPORTS,4.3,14495,$0.99,500000,Full Fat,https://play.google.com/store/apps/details?id=com.fullfat.android.flickgolf
335,Dude Perfect,GAME_SPORTS,4.0,8187,$0.99,100000,Dude Perfect,https://play.google.com/store/apps/details?id=com.dudeperfect.dudeperfect
336,Ice Fishing Derby Premium,GAME_SPORTS,4.2,233,$2.99,5000,Pishtech LLC,https://play.google.com/store/apps/details?id=com.pishtech.mifdp
337,Sumotori Dreams,GAME_SPORTS,4.1,13256,$1.39,100000,Gravitysensation,https://play.google.com/store/apps/details?id=com.gravitysensation.sumotori
338,Pool Break Pro 3D Billiards Snooker Carrom,GAME_SPORTS,4.5,11505,$0.99,100000,Kinetic Bytes,https://play.google.com/store/apps/details?id=com.kb.Carrom3DFull
339,MLB Manager 2018,GAME_SPORTS,3.3,101,$4.99,1000,OOTP Developments,https://play.google.com/store/apps/details?id=com.ootpdevelopments.mlbm2018
340,Pro Strategy Football 2018,GAME_SPORTS,4.3,43,$4.99,500,Pro Strategy Games,https://play.google.com/store/apps/details?id=com.batts.psf2017
341,CN Superstar Soccer: Goal!!!,GAME_SPORTS,4.1,4188,$2.99,100000,Cartoon Network,https://play.google.com/store/apps/details?id=com.turner.superstarsoccer2
342,Pumped BMX 3,GAME_SPORTS,4.7,1682,$3.99,50000,Noodlecake Studios Inc,https://play.google.com/store/apps/details?id=com.noodlecake.pumped3
343,College BBALL Coach,GAME_SPORTS,4.2,221,$0.99,1000,Zolnier Games,https://play.google.com/store/apps/details?id=com.hotmail.zolnier.CollegeBBallCoach
344,Duck Life: Retro Pack,GAME_SPORTS,4.1,474,$1.79,10000,MoFunZone.com,https://play.google.com/store/apps/details?id=com.MoFunZone.DuckLifeRetroPack
345,Shred! 2 - Freeride Mountain Biking,GAME_SPORTS,4.6,360,$3.49,1000,ASBO Interactive,https://play.google.com/store/apps/details?id=com.ASBO.Shred2
346,Disc Golf Game,GAME_SPORTS,4.3,539,$3.99,10000,Paivi Honkakoski,https://play.google.com/store/apps/details?id=fi.kuvakertomo.discgolfgame
347,Athletics 2: Summer Sports,GAME_SPORTS,4.1,2090,$1.99,100000,Tangram3D,https://play.google.com/store/apps/details?id=com.tangram3D.Athletics2
348,Home Run High,GAME_SPORTS,4.7,1240,$4.99,10000,"Kairosoft Co.,Ltd",https://play.google.com/store/apps/details?id=net.kairosoft.android.baseball_en
349,QWOP,GAME_SPORTS,4.1,1250,$0.99,10000,Noodlecake Studios Inc,https://play.google.com/store/apps/details?id=com.noodlecake.QWOP
350,Bloons TD 6,GAME_STRATEGY,4.7,47551,$4.99,500000,ninja kiwi,https://play.google.com/store/apps/details?id=com.ninjakiwi.bloonstd6
351,Kingdom Rush Vengeance,GAME_STRATEGY,4.7,19813,$4.99,50000,Ironhide Game Studio,https://play.google.com/store/apps/details?id=com.ironhidegames.android.kingdomrush4
352,Bloons TD 5,GAME_STRATEGY,4.6,192775,$2.99,1000000,ninja kiwi,https://play.google.com/store/apps/details?id=com.ninjakiwi.bloonstd5
353,Rusted Warfare - RTS Strategy,GAME_STRATEGY,4.8,4099,$1.99,50000,Corroding games,https://play.google.com/store/apps/details?id=com.corrodinggames.rts
354,Papa's Freezeria To Go!,GAME_STRATEGY,4.4,17577,$0.99,100000,Flipline Studios,https://play.google.com/store/apps/details?id=air.com.flipline.papasfreezeriatogo
355,ROME: Total War,GAME_STRATEGY,4.5,677,$9.99,5000,Feral Interactive,https://play.google.com/store/apps/details?id=com.feralinteractive.rometw
356,Five Nights at Freddy's 2,GAME_STRATEGY,4.6,75290,$2.99,500000,Scott Cawthon,https://play.google.com/store/apps/details?id=com.scottgames.fnaf2
357,The Escapists: Prison Escape,GAME_STRATEGY,4.3,9035,$6.49,100000,Team 17 Digital Limited,https://play.google.com/store/apps/details?id=com.team17.escapists
358,Age of Civilizations II,GAME_STRATEGY,4.5,3919,$4.99,10000,Åukasz Jakowski,https://play.google.com/store/apps/details?id=age.of.civilizations2.jakowski.lukasz
359,Slay,GAME_STRATEGY,4.6,1679,$3.99,10000,Sean O'Connor,https://play.google.com/store/apps/details?id=com.windowsgames.slay
360,First Strike: Final Hour,GAME_STRATEGY,4.3,8717,$1.00,100000,Blindflug Studios AG,https://play.google.com/store/apps/details?id=ch.feinheit.games.firststrike
361,Civilization Revolution 2,GAME_STRATEGY,3.9,12108,$9.99,100000,"2K, Inc.",https://play.google.com/store/apps/details?id=com.t2kgames.civrev2
362,Papa's Scooperia To Go!,GAME_STRATEGY,4.6,362,$1.99,10000,Flipline Studios,https://play.google.com/store/apps/details?id=air.com.flipline.papasscooperiatogo
363,Papa's Pancakeria To Go!,GAME_STRATEGY,4.4,113,$1.99,5000,Flipline Studios,https://play.google.com/store/apps/details?id=air.com.flipline.papaspancakeriatogo
364,Kingdom Rush Frontiers,GAME_STRATEGY,4.7,113011,$1.99,500000,Ironhide Game Studio,https://play.google.com/store/apps/details?id=com.ironhidegames.android.kingdomrushfrontiers
365,XCOMÂ®: Enemy Within,GAME_STRATEGY,4.2,14922,$9.99,100000,"2K, Inc.",https://play.google.com/store/apps/details?id=com.tt2kgames.xcomew
366,Dungeon Maker,GAME_STRATEGY,4.6,31749,$2.99,100000,GameCoaster,https://play.google.com/store/apps/details?id=com.GameCoaster.DungeonMaker
367,Kingdom Rush Origins,GAME_STRATEGY,4.8,88305,$2.99,500000,Ironhide Game Studio,https://play.google.com/store/apps/details?id=com.ironhidegames.android.kingdomrushorigins
368,Papa's Burgeria To Go!,GAME_STRATEGY,4.3,6756,$0.99,100000,Flipline Studios,https://play.google.com/store/apps/details?id=air.com.flipline.papasburgeriatogo
369,Organ Trail: Director's Cut,GAME_STRATEGY,4.4,6414,$2.99,100000,The Men Who Wear Many Hats LLC,https://play.google.com/store/apps/details?id=com.hatsproductions.OrganTrail
370,Door Kickers,GAME_STRATEGY,4.6,7997,$3.99,100000,KillHouse Games,https://play.google.com/store/apps/details?id=com.khg.doorkickers
371,Papa's Pizzeria To Go!,GAME_STRATEGY,4.3,5549,$0.99,100000,Flipline Studios,https://play.google.com/store/apps/details?id=air.com.flipline.papaspizzeriatogo
372,Uciana,GAME_STRATEGY,4.6,1298,$0.99,50000,Birdshel,https://play.google.com/store/apps/details?id=com.birdshel.Uciana
373,"Warhammer 40,000: Regicide",GAME_STRATEGY,4.2,4147,$0.99,50000,Hammerfall Publishing Global,https://play.google.com/store/apps/details?id=com.hammerfall.regicide
374,Iron Marines,GAME_STRATEGY,4.7,25007,$4.99,100000,Ironhide Game Studio,https://play.google.com/store/apps/details?id=com.ironhidegames.android.ironmarines
375,Trivia Crack (No Ads),GAME_TRIVIA,4.5,61119,$5.99,500000,Etermax,https://play.google.com/store/apps/details?id=com.etermax.preguntados.pro
376,Sporcle,GAME_TRIVIA,3.5,1505,$1.99,50000,"Sporcle, Inc",https://play.google.com/store/apps/details?id=com.sporcle
377,BLeBRiTY,GAME_TRIVIA,4.3,452,$0.99,10000,"Communicating Rooks, LLC",https://play.google.com/store/apps/details?id=com.happeningnow.blebrity
378,The Jackbox Party Pack 3,GAME_TRIVIA,3.7,9,$24.99,1000,"Jackbox Games, Inc. N",https://play.google.com/store/apps/details?id=com.jackboxgames.TJPP3Loader
379,The Jackbox Party Pack 5,GAME_TRIVIA,3.5,2,$29.99,100,"Jackbox Games, Inc. N",https://play.google.com/store/apps/details?id=com.jackboxgames.TJPP5Loader
380,Bible Bowl Prep 2019,GAME_TRIVIA,,0,$0.99,50,3:16 Apps,https://play.google.com/store/apps/details?id=app.marrvelous.biblebowlprep.v2019
381,The Jackbox Party Pack,GAME_TRIVIA,4.3,31,$24.99,1000,"Jackbox Games, Inc. N",https://play.google.com/store/apps/details?id=com.jackboxgames.JackboxPartyLoaderFull
382,The Jackbox Party Pack 2,GAME_TRIVIA,3.9,11,$24.99,1000,"Jackbox Games, Inc. N",https://play.google.com/store/apps/details?id=com.jackboxgames.JBPP2Loader
383,The Jackbox Party Pack 4,GAME_TRIVIA,4.0,4,$24.99,1000,"Jackbox Games, Inc. N",https://play.google.com/store/apps/details?id=com.jackboxgames.TJPP4Loader
384,The 7 Second Challenge,GAME_TRIVIA,4.1,1068,$1.99,10000,Mind Candy Ltd,https://play.google.com/store/apps/details?id=com.mindcandy.sevensecondchallenge
385,The Black Card Game,GAME_TRIVIA,1.6,8,$0.99,100,The App Maker Guru,https://play.google.com/store/apps/details?id=com.mystudio.blackcard
386,Penny Dell Jumbo Crosswords,GAME_TRIVIA,4.9,22,$9.99,100,PuzzleNation,https://play.google.com/store/apps/details?id=com.puzzlenation.JumboCrosswords1
387,Text Twist 2019,GAME_TRIVIA,1.8,5,$2.49,10,App Marketing Center,https://play.google.com/store/apps/details?id=com.texttwist2019
388,Shopkins: Who's Next?,GAME_TRIVIA,5.0,5,$2.99,500,Mighty Kingdom,https://play.google.com/store/apps/details?id=com.mightykingdom.whosnext
389,4 Player Reactor (Multiplayer),GAME_TRIVIA,4.7,4373,$2.49,50000,cool cherry trees,https://play.google.com/store/apps/details?id=coolcherrytrees.games.reactor4
390,QuizClashâ„¢ PREMIUM,GAME_TRIVIA,4.2,90882,$8.99,1000000,FEO,https://play.google.com/store/apps/details?id=se.feomedia.quizkampen.de.premium
391,STEPS Trivia Game,GAME_TRIVIA,4.2,5,$2.49,10,G67,https://play.google.com/store/apps/details?id=air.net.clairerichards.StepsTrivia
392,QuizBash - Party Games in Your Pocket!,GAME_TRIVIA,5.0,11,$2.99,100,QuizBash,https://play.google.com/store/apps/details?id=com.quizbash.quizbash
393,Wer Wird MillionÃ¤r?,GAME_TRIVIA,3.9,1249,$2.49,50000,Sony Pictures Television UK Rights Ltd,https://play.google.com/store/apps/details?id=com.sony.wwtbam2014german
394,the nascar quiz,GAME_TRIVIA,,0,$1.49,1,Rugby league quiz uk,https://play.google.com/store/apps/details?id=com.jacklimbert.thenascarpicturequiz
395,Guess The Movie Â® - Full,GAME_TRIVIA,4.5,5091,$1.99,10000,June Gaming,https://play.google.com/store/apps/details?id=com.june.guessthemovie.paid
396,Millionaire 2019 Quiz Premium,GAME_TRIVIA,4.2,6,$0.99,100,Cango Dev,https://play.google.com/store/apps/details?id=com.cangodev.millionairepremium
397,HQ Trivia Helper Unlimited,GAME_TRIVIA,1.9,33,$2.99,100,LicketyCut,https://play.google.com/store/apps/details?id=com.licketycut.hqhelper.unlimited
398,The Music Trivia Challenge,GAME_TRIVIA,5.0,0,$0.99,50,LoadUpGames.com,https://play.google.com/store/apps/details?id=com.loadupgames.musictriviachallenge
399,Movie Trivia (Full),GAME_TRIVIA,4.5,13,$0.99,100,1C Wireless,https://play.google.com/store/apps/details?id=com.onecwireless.movietrivia.full
